date,total_flights,unique_aircraft,min_altitude_ft,avg_altitude_ft,top_aircraft_type
2025-01-01,13,13,1425.0,3861.5,C172
2025-01-02,20,20,900.0,7758.8,DH8D
2025-01-03,16,16,1700.0,8023.4,DH8D
2025-01-04,19,19,1500.0,8478.9,DH8D
2025-01-05,7,7,7750.0,8996.4,DH8D
2025-01-06,5,5,8000.0,8710.0,DH8D
2025-01-07,11,11,1500.0,7711.4,DH8D
2025-01-08,10,10,1050.0,5427.5,C172
2025-01-09,13,13,700.0,4415.4,C172
2025-01-10,17,17,1050.0,5041.2,DH8D
2025-01-11,7,7,600.0,835.7,AS50
2025-01-12,10,10,775.0,1352.5,C172
2025-01-13,26,26,750.0,6565.4,DH8D
2025-01-14,12,12,500.0,4204.2,DH8D
2025-01-15,14,14,200.0,5344.6,DH8D
2025-01-16,9,9,1700.0,5372.2,DH8D
2025-01-17,27,27,700.0,4665.7,DH8D
2025-01-18,25,25,100.0,3100.0,C172
2025-01-19,22,22,600.0,2126.1,C172
2025-01-20,18,18,750.0,3256.9,C172
2025-01-21,20,20,375.0,4466.2,DH8D
2025-01-22,21,21,800.0,7014.3,DH8D
2025-01-23,8,8,700.0,4340.6,DH8D
2025-01-24,18,18,700.0,5819.4,DH8D
2025-01-25,22,22,300.0,3500.0,C172
2025-01-26,17,17,575.0,1680.9,C172
2025-01-27,15,15,625.0,1936.7,C172
2025-01-28,15,15,850.0,3840.0,C172
2025-01-29,14,14,1300.0,5232.1,DH8D
2025-01-30,18,18,1350.0,5511.1,DH8D
2025-01-31,7,7,6950.0,8389.3,DH8D
2025-02-01,8,8,6900.0,8681.2,DH8D
2025-02-02,4,4,7650.0,8525.0,DH8D
2025-02-03,14,14,7050.0,9191.1,DH8D
2025-02-04,17,17,1300.0,8692.6,DH8D
2025-02-05,13,13,2025.0,7707.7,DH8D
2025-02-06,15,15,1800.0,7935.0,DH8D
2025-02-07,18,18,1050.0,8693.1,DH8D
2025-02-08,13,13,600.0,6117.3,C172
2025-02-09,16,16,450.0,5668.8,DH8D
2025-02-10,13,13,400.0,7465.4,DH8D
2025-02-11,13,13,1525.0,6811.5,DH8D
2025-02-12,24,24,1125.0,4691.7,C172
2025-02-13,16,16,1300.0,5756.2,DH8D
2025-02-14,23,23,900.0,6445.7,DH8D
2025-02-15,17,17,700.0,6151.5,DH8D
2025-02-16,19,19,700.0,7918.4,DH8D
2025-02-17,7,7,1375.0,8114.3,DH8D
2025-02-18,15,15,1050.0,8803.3,DH8D
2025-02-19,15,15,1475.0,7321.7,DH8D
2025-02-20,22,22,900.0,6971.6,DH8D
2025-02-21,14,14,1075.0,7421.4,DH8D
2025-02-22,11,11,7325.0,8975.0,DH8D
2025-02-23,13,13,1500.0,7273.1,DH8D
2025-02-24,11,11,1575.0,6502.3,DH8D
2025-02-25,20,20,975.0,8121.2,DH8D
2025-02-26,15,15,1175.0,5391.7,DH8D
2025-02-27,20,20,1300.0,6005.0,DH8D
2025-02-28,16,16,825.0,2410.9,C172
2025-03-01,17,17,1450.0,2867.6,C172
2025-03-02,11,11,925.0,1677.3,C172
2025-03-03,2,2,1325.0,1887.5,C172
2025-03-04,15,15,875.0,7085.0,DH8D
2025-03-05,10,10,1200.0,5780.0,DH8D
2025-03-06,16,16,850.0,2482.8,C172
2025-03-07,28,28,600.0,5109.8,DH8D
2025-03-08,19,19,1050.0,7040.8,DH8D
2025-03-09,10,10,6475.0,8502.5,DH8D
2025-03-10,12,12,1050.0,9275.0,DH8D
2025-03-11,18,18,1375.0,7719.4,DH8D
2025-03-12,13,13,900.0,8428.8,DH8D
2025-03-13,16,16,1600.0,5679.7,DH8D
2025-03-14,21,21,1500.0,5883.3,DH8D
2025-03-15,17,17,1400.0,5826.5,DH8D
2025-03-16,7,7,1900.0,6950.0,DH8D
2025-03-17,15,15,1300.0,6303.3,DH8D
2025-03-18,19,19,850.0,6497.4,C172
2025-03-19,21,21,1250.0,7802.4,DH8D
2025-03-20,12,12,1200.0,7235.4,DH8D
2025-03-21,23,23,1300.0,7596.7,DH8D
2025-03-22,9,9,1050.0,5977.8,DH8D
2025-03-23,11,11,7025.0,8504.5,DH8D
2025-03-24,10,10,6675.0,10940.0,DH8D
2025-03-25,18,18,925.0,7375.0,DH8D
2025-03-26,8,8,400.0,2365.6,C172
2025-03-27,13,13,900.0,8144.2,DH8D
2025-03-28,16,16,1725.0,7442.2,DH8D
2025-03-29,15,15,1600.0,7505.0,DH8D
2025-03-30,19,19,700.0,4331.6,C172
2025-03-31,21,21,1200.0,5739.3,DH8D
2025-04-01,8,8,2025.0,2859.4,C172
2025-04-02,10,10,850.0,7807.5,C172
2025-04-03,18,18,1100.0,1836.8,C172
2025-04-04,28,28,450.0,2567.9,C172
2025-04-05,19,19,1250.0,2701.3,C172
2025-04-06,19,19,125.0,5348.7,DH8D
2025-04-07,15,15,725.0,6305.0,DH8D
2025-04-08,13,13,1250.0,7411.5,DH8D
2025-04-09,11,11,925.0,6997.7,DH8D
2025-04-10,30,30,900.0,5460.8,DH8D
2025-04-11,8,8,850.0,2671.9,B06
2025-04-12,10,10,925.0,1710.0,C172
2025-04-13,23,23,100.0,2892.4,C172
2025-04-14,14,14,1000.0,3301.9,C172
2025-04-15,15,15,1125.0,4600.0,B38M
2025-04-16,31,31,700.0,5767.7,C172
2025-04-17,15,15,650.0,8171.7,C182
2025-04-18,20,20,1275.0,4282.5,C172
2025-04-19,12,12,1400.0,2029.2,C172
2025-04-20,10,10,1325.0,5370.0,C172
2025-04-21,6,6,700.0,1525.0,B14A
2025-04-22,12,12,900.0,2712.5,C172
2025-04-23,20,20,1250.0,2465.0,C172
2025-04-24,10,10,1200.0,2180.0,C172
2025-04-25,18,18,925.0,2500.0,C172
2025-04-26,15,15,900.0,3415.0,C172
2025-04-27,19,19,1200.0,3350.0,C172
2025-04-28,14,14,675.0,5666.1,DH8D
2025-04-29,19,19,325.0,5160.5,DH8D
2025-04-30,14,14,725.0,5798.2,DH8D
2025-05-01,17,17,900.0,2450.0,C172
2025-05-02,16,16,1200.0,4073.4,C172
2025-05-03,8,8,1200.0,2950.0,C172
2025-05-04,6,6,1200.0,1604.2,C172
2025-05-05,30,30,800.0,2925.0,C172
2025-05-06,29,29,800.0,3389.7,C172
2025-05-07,19,19,900.0,4121.1,C172
2025-05-08,24,24,875.0,5029.2,C172
2025-05-09,19,19,500.0,2269.7,C172
2025-05-10,17,17,1450.0,4339.7,C172
2025-05-11,19,19,1800.0,6869.7,DH8D
2025-05-12,8,8,1200.0,2331.2,R44
2025-05-13,22,22,1300.0,4589.8,C172
2025-05-14,14,14,1150.0,6996.4,DH8D
2025-05-15,26,26,800.0,5670.2,DH8D
2025-05-16,21,21,375.0,6738.1,DH8D
2025-05-17,10,10,900.0,7772.5,DH8D
2025-05-18,10,10,600.0,1682.5,C172
2025-05-19,19,19,1425.0,7509.2,DH8D
2025-05-20,22,22,1000.0,8989.8,DH8D
2025-05-21,19,19,950.0,7556.6,DH8D
2025-05-22,19,19,700.0,4352.6,C172
2025-05-23,22,22,1325.0,4762.5,C172
2025-05-24,25,25,1325.0,4625.0,DH8D
2025-05-25,27,27,1100.0,4659.3,C172
2025-05-26,20,20,1300.0,4635.0,C172
2025-05-27,17,17,825.0,3754.4,C172
2025-05-28,17,17,1200.0,1879.7,C172
2025-05-29,24,24,800.0,4795.8,DH8D
2025-05-30,32,32,1000.0,4855.5,C172
2025-05-31,11,11,800.0,2188.6,C172
2025-06-01,11,11,1100.0,3079.5,C172
2025-06-02,16,16,800.0,2409.4,C172
2025-06-03,16,16,700.0,1540.6,C172
2025-06-04,18,18,900.0,2990.3,B38M
2025-06-05,28,28,900.0,5628.6,C172
2025-06-06,18,18,1300.0,2019.4,C172
2025-06-07,34,34,875.0,2136.8,C172
2025-06-08,23,23,1450.0,2556.5,C172
2025-06-09,12,12,1200.0,2085.4,C172
2025-06-10,15,15,725.0,2950.0,PA31
2025-06-11,14,14,1050.0,1928.6,C172
2025-06-12,16,16,1500.0,5432.8,C172
2025-06-13,18,18,775.0,5573.6,DH8D
2025-06-14,33,33,775.0,4896.2,C172
2025-06-15,29,29,775.0,4625.0,C172
2025-06-16,31,31,125.0,3587.1,C172
2025-06-17,36,36,800.0,5836.8,DH8D
2025-06-18,24,24,700.0,4635.4,C172
2025-06-19,22,22,1075.0,4475.0,C172
2025-06-20,32,32,1000.0,5485.9,DH8D
2025-06-21,13,13,1525.0,7736.5,DH8D
2025-06-22,26,26,800.0,6750.0,DH8D
2025-06-23,26,26,800.0,4671.2,DH8D
2025-06-24,13,13,975.0,2350.0,C172
2025-06-25,18,18,1125.0,4601.4,C172
2025-06-26,31,31,1100.0,7836.3,DH8D
2025-06-27,24,24,775.0,6504.2,DH8D
2025-06-28,28,28,1050.0,7124.1,DH8D
2025-06-29,26,26,900.0,1845.2,C172
2025-06-30,16,16,1500.0,3867.2,C172
2025-07-01,19,19,1425.0,2271.1,C172
2025-07-02,14,14,1175.0,3494.6,C172
2025-07-03,31,31,925.0,3508.1,C172
2025-07-04,25,25,800.0,5514.0,C172
2025-07-05,29,29,925.0,4614.7,C172
2025-07-06,15,15,1275.0,3396.7,C172
2025-07-07,10,10,1000.0,3165.0,C172
2025-07-08,34,34,1175.0,5333.1,C172
2025-07-09,15,15,1250.0,6346.7,DH8D
2025-07-10,14,14,1000.0,5250.0,DH8D
2025-07-11,19,19,825.0,2414.5,C172
2025-07-12,15,15,1725.0,4156.7,C172
2025-07-13,29,29,900.0,3594.8,C172
2025-07-15,13,13,1425.0,1932.7,C172
2025-07-16,22,22,1100.0,2438.6,C172
2025-07-17,32,32,1200.0,3033.6,C172
2025-07-19,14,14,1400.0,4907.1,DH8D
2025-07-20,41,41,400.0,5307.3,C172
2025-07-21,10,10,1000.0,1852.5,C172
2025-07-23,27,27,1300.0,4715.7,DH8D
2025-07-24,26,26,400.0,5895.2,C172
2025-07-25,19,19,1350.0,5234.2,DH8D
2025-07-26,19,19,1450.0,4218.4,DH8D
2025-07-27,31,31,1200.0,3290.3,C172
2025-07-28,18,18,1150.0,3248.6,C172
2025-07-29,12,12,1125.0,2583.3,C172
2025-07-30,37,37,600.0,3256.1,C172
2025-07-31,22,22,500.0,4351.1,C172
2025-08-01,43,43,975.0,4151.7,C172
2025-08-02,38,38,1200.0,4328.3,C172
2025-08-03,28,28,1300.0,4464.3,C172
2025-08-04,26,26,1225.0,5418.3,DH8D
2025-08-05,31,31,1500.0,5822.6,DH8D
2025-08-06,24,24,575.0,7885.4,DH8D
2025-08-07,12,12,750.0,3300.0,C172
2025-08-08,26,26,75.0,2299.0,C172
2025-08-09,18,18,1400.0,4600.0,B38M
2025-08-10,24,24,575.0,3945.8,C172
2025-08-11,16,16,825.0,7100.0,C172
2025-08-12,10,10,900.0,5072.5,C172
2025-08-13,24,24,1550.0,2129.2,C172
2025-08-14,32,32,1050.0,5600.0,DH8D
2025-08-15,13,13,1475.0,9301.9,DH8D
2025-08-16,19,19,900.0,6384.2,DH8D
2025-08-17,24,24,1100.0,4616.7,DH8D
2025-08-19,25,25,1300.0,6330.0,DH8D
2025-08-20,9,9,1400.0,1869.4,C172
2025-08-21,10,10,925.0,2692.5,B77W
2025-08-22,16,16,700.0,3378.1,C172
2025-08-23,17,17,1100.0,1894.1,C172
2025-08-24,30,30,900.0,2005.0,C172
2025-08-25,13,13,1125.0,2326.9,C172
2025-08-26,13,13,500.0,1765.4,C172
2025-08-27,21,21,1200.0,3567.9,C172
2025-08-28,20,20,1350.0,4700.0,C172
2025-08-29,22,22,800.0,4153.4,DH8D
2025-08-30,24,24,700.0,3883.3,DH8D
2025-08-31,10,10,1100.0,3392.5,C172
2025-09-01,23,23,1125.0,4410.9,C172
2025-09-02,27,27,325.0,5413.9,DH8D
2025-09-03,9,9,950.0,2825.0,B212
2025-09-06,13,13,550.0,5084.6,C172
2025-09-07,8,8,1175.0,9290.6,DH8D
2025-09-08,12,12,1100.0,5668.8,DH8D
2025-09-09,3,3,1975.0,2325.0,DA40
2025-09-10,11,11,1200.0,5011.4,C172
2025-09-12,31,31,900.0,4808.1,DH8D
2025-09-13,32,32,1000.0,4190.6,C172
2025-09-14,24,24,575.0,4702.1,DH8D
2025-09-15,10,10,1200.0,5020.0,DH8D
2025-09-16,18,18,800.0,3511.1,C172
2025-09-17,29,29,600.0,3527.6,C172
2025-09-18,6,6,800.0,1045.8,B06
2025-09-19,27,27,875.0,2638.9,C172
2025-09-20,45,45,950.0,4007.2,C172
2025-09-21,16,16,1100.0,3750.0,C172
2025-09-23,35,35,900.0,5305.7,DH8D
2025-09-24,18,18,675.0,2034.7,C172
2025-09-25,7,7,1300.0,2057.1,C172
2025-09-26,10,10,1675.0,3672.5,C172
2025-09-27,23,23,950.0,8354.3,DH8D
2025-09-28,9,9,975.0,5277.8,B350
2025-09-29,13,13,1000.0,5982.7,DH8D
2025-09-30,12,12,2250.0,6766.7,DH8D
2025-10-01,25,25,1300.0,8117.0,DH8D
2025-10-02,8,8,2350.0,7275.0,DH8D
2025-10-03,10,10,1400.0,6550.0,DH8D
2025-10-04,1,1,1300.0,1300.0,C172
2025-10-05,25,25,1300.0,3301.0,C172
2025-10-06,24,24,675.0,2727.1,C172
2025-10-07,29,29,1200.0,2274.1,C172
2025-10-08,25,25,700.0,6530.0,C172
2025-10-09,17,17,900.0,1827.9,C172
2025-10-10,19,19,1550.0,6357.9,DH8D
2025-10-11,3,3,8575.0,9416.7,DH8D
2025-10-12,3,3,1600.0,1833.3,AS50
2025-10-13,11,11,900.0,1875.0,C172
2025-10-14,11,11,900.0,5611.4,C172
2025-10-15,9,9,700.0,2738.9,C172
2025-10-16,11,11,900.0,4343.2,A320
2025-10-17,7,7,1825.0,10417.9,DH8D
2025-10-18,21,21,1275.0,5338.1,DH8D
2025-10-19,9,9,1300.0,7238.9,B350
2025-10-20,23,23,600.0,6023.9,DH8D
2025-10-22,11,11,1375.0,4125.0,C172
2025-10-25,17,17,1500.0,9222.1,DH8D
2025-10-26,17,17,1200.0,8394.1,DH8D
2025-10-27,15,15,1525.0,7940.0,DH8D
2025-10-28,18,18,825.0,9554.2,DH8D
2025-10-29,11,11,1500.0,7822.7,DH8D
2025-10-31,11,11,1400.0,7354.5,DH8D
2025-11-01,6,6,1775.0,4187.5,DH8D
2025-11-02,4,4,1525.0,3843.8,C152
2025-11-04,39,39,1700.0,5325.6,C172
2025-11-05,29,29,1600.0,5970.7,B190
2025-11-06,19,19,1250.0,7121.1,DH8D
2025-11-07,7,7,1300.0,6564.3,DH8D
2025-11-08,27,27,50.0,2593.5,C172
2025-11-09,18,18,1000.0,5518.1,DH8D
2025-11-10,14,14,600.0,5387.5,DH8D
2025-11-11,15,15,800.0,2193.3,C172
2025-11-12,23,23,1400.0,4987.0,C172
2025-11-13,4,4,1550.0,6887.5,DH8D
2025-11-14,9,9,1400.0,6830.6,DH8D
2025-11-15,12,12,2000.0,7779.2,DH8D
2025-11-16,9,9,1300.0,7336.1,DH8D
2025-11-17,6,6,6625.0,10062.5,DH8D
2025-11-18,6,6,800.0,4608.3,DH8D
2025-11-19,9,9,1950.0,7338.9,C172
2025-11-20,23,23,1275.0,5627.2,DH8D
2025-11-21,17,17,1700.0,6923.5,DH8D
2025-11-22,5,5,6900.0,7610.0,DH8D
2025-11-23,2,2,1300.0,4400.0,C172
2025-11-24,15,15,375.0,5696.7,DH8D
2025-11-25,9,9,6525.0,7380.6,DH8D
2025-11-26,11,11,500.0,6554.5,DH8D
2025-11-27,46,46,3350.0,6859.8,DH8D
2025-11-28,56,56,700.0,5486.6,DH8D
2025-11-29,71,71,800.0,5744.4,DH8D
2025-11-30,49,49,1800.0,6299.0,DH8D
2025-12-01,74,74,1200.0,6969.6,B38M
2025-12-02,62,62,1100.0,7406.9,CRJ9
2025-12-03,72,72,1650.0,7175.7,DH8D
2025-12-04,56,56,6125.0,8105.4,DH8D
2025-12-05,74,74,6425.0,8274.0,B38M
2025-12-06,88,88,1250.0,7619.0,B38M
2025-12-07,49,49,1475.0,8102.0,DH8D
2025-12-08,77,77,3600.0,8471.8,DH8D
2025-12-09,74,74,1100.0,7315.9,DH8D
2025-12-10,82,82,5425.0,8621.0,DH8D
2025-12-11,38,38,950.0,6510.5,DH8D
2025-12-12,52,52,1250.0,8321.6,DH8D
2025-12-13,54,54,1975.0,7891.7,B38M
2025-12-14,75,75,1925.0,8026.0,DH8D
2025-12-15,55,55,3825.0,8295.9,B738
2025-12-16,53,53,1425.0,7874.5,DH8D
2025-12-18,52,52,1800.0,8183.2,DH8D
2025-12-19,46,46,1500.0,7148.4,DH8D
2025-12-20,37,37,5575.0,8141.2,DH8D
2025-12-21,68,68,1525.0,8727.9,B38M
2025-12-22,57,57,4300.0,8073.7,DH8D
2025-12-23,58,58,2050.0,7862.5,DH8D
2025-12-24,62,62,1100.0,6923.8,DH8D
2025-12-26,57,57,4425.0,7446.9,DH8D
2025-12-27,37,37,1300.0,7085.8,DH8D
2025-12-28,89,89,500.0,6796.6,DH8D
2025-12-29,33,33,1350.0,6365.2,DH8D
2025-12-30,35,35,1000.0,5140.7,DH8D
2025-12-31,34,34,1875.0,5979.4,DH8D
2026-01-01,49,49,2100.0,5212.8,DH8D
2026-01-02,67,67,1700.0,6794.8,DH8D
2026-01-03,71,71,1300.0,8518.7,DH8D
2026-01-04,59,59,1100.0,7958.1,DH8D
2026-01-05,81,81,1200.0,6594.1,DH8D
2026-01-06,71,71,1675.0,8038.4,DH8D
2026-01-07,35,35,1450.0,7129.3,B38M
2026-01-08,42,42,1075.0,7393.5,DH8D
2026-01-09,66,66,5300.0,7692.0,B38M
2026-01-10,42,42,700.0,7310.7,DH8D
2026-01-11,65,65,5450.0,7911.2,DH8D
2026-01-12,55,55,700.0,7822.7,DH8D
2026-01-13,45,45,100.0,7666.7,DH8D
2026-01-14,37,37,4625.0,7095.9,B38M
2026-01-15,33,33,1700.0,5493.9,DH8D
2026-01-16,55,55,425.0,3906.8,DH8D
2026-01-17,66,66,600.0,4946.2,DH8D
2026-01-18,50,50,975.0,5077.0,DH8D
2026-01-19,53,53,1600.0,6708.0,DH8D
2026-01-20,71,71,975.0,6221.5,DH8D
2026-01-21,61,61,1100.0,6681.6,DH8D
2026-01-22,24,24,800.0,5477.1,DH8D
2026-01-23,30,30,1500.0,5855.0,C172
2026-01-24,66,66,600.0,5718.2,DH8D
2026-01-25,73,73,725.0,4925.7,C172
2026-01-26,76,76,-25.0,6111.5,DH8D
2026-01-27,69,69,1300.0,6272.5,DH8D
2026-01-28,54,54,1800.0,7719.9,DH8D
2026-01-29,83,83,4725.0,7958.1,DH8D
2026-01-30,77,77,5575.0,8071.4,B38M
2026-01-31,76,76,5775.0,8031.2,DH8D
2026-02-01,67,67,5075.0,8203.4,DH8D
2026-02-02,40,40,325.0,7623.8,B38M
2026-02-03,50,50,1500.0,7565.0,B38M
2026-02-04,49,49,1150.0,6382.7,C172
2026-02-05,23,23,1800.0,5798.9,DH8D
2026-02-06,87,87,900.0,6396.8,DH8D
2026-02-07,47,47,925.0,7614.9,DH8D
2026-02-08,46,46,1200.0,6828.8,DH8D
2026-02-09,90,90,300.0,7340.3,DH8D
2026-02-10,40,40,1425.0,6996.9,DH8D
2026-02-11,60,60,800.0,3987.1,DH8D
2026-02-13,49,49,1175.0,7891.3,B38M
2026-02-14,45,45,1300.0,6684.4,DH8D
2026-02-15,38,38,1400.0,4548.0,DH8D
2026-02-16,43,43,1600.0,7556.4,DH8D
2026-02-17,67,67,1700.0,8726.9,DH8D
2026-02-18,52,52,1700.0,7390.4,DH8D
2026-02-19,82,82,1000.0,6307.0,DH8D
2026-02-20,109,109,1000.0,7389.0,DH8D
2026-02-21,46,46,1100.0,7799.5,DH8D
2026-02-22,59,59,6575.0,8159.7,DH8D
2026-02-23,35,35,1000.0,7442.9,B38M
2026-02-24,77,77,1475.0,6663.0,DH8D
2026-02-25,48,48,900.0,6034.4,DH8D
2026-02-28,28,28,1300.0,4493.8,DH8D
2026-03-01,67,67,1300.0,4848.1,DH8D
2026-03-02,79,79,1050.0,5700.6,DH8D
2026-03-03,45,45,1875.0,7686.7,CRJ9
2026-03-04,68,68,1000.0,7671.0,DH8D
2026-03-05,77,77,1000.0,5406.2,DH8D
2026-03-06,73,73,825.0,7714.7,DH8D
2026-03-07,73,73,5450.0,8153.4,DH8D
2026-03-08,36,36,1100.0,6454.2,B38M
2026-03-09,19,19,625.0,6638.2,B737
2026-03-10,28,28,4375.0,7783.9,B38M
2026-03-11,34,34,525.0,8164.0,DH8D
2026-03-12,33,33,1200.0,5781.1,DH8D
2026-03-13,55,55,725.0,6783.6,DH8D
2026-03-14,28,28,1100.0,4192.9,DH8D
2026-03-15,81,81,1225.0,6807.4,DH8D
2026-03-16,87,87,5675.0,8002.3,B38M
2026-03-17,86,86,5525.0,8117.7,DH8D
2026-03-18,46,46,6425.0,8697.3,DH8D
2026-03-19,28,28,7850.0,8547.3,DH8D
2026-03-22,45,45,1325.0,5835.0,DH8D
2026-03-23,33,33,800.0,3993.9,DH8D
2026-03-24,26,26,900.0,6172.1,DH8D
2026-03-25,18,18,4800.0,6759.7,DH8D
2026-03-26,31,31,775.0,6844.4,DH8D
2026-03-27,34,34,625.0,5811.0,DH8D
2026-03-28,35,35,1225.0,3958.6,C172
2026-03-29,25,25,1325.0,4020.0,DH8D
2026-03-30,24,24,1175.0,4401.0,DH8D
2026-03-31,24,24,1700.0,5093.8,B190
2026-04-01,46,46,1800.0,7837.0,B738
2026-04-02,18,18,3850.0,5270.8,DH8D
2026-04-03,36,36,1450.0,7716.7,DH8D
2026-04-04,49,49,1100.0,5759.2,B789
2026-04-05,65,65,625.0,4450.8,DH8D
2026-04-06,37,37,900.0,5177.0,DH8D
2026-04-07,44,44,1325.0,5714.2,DH8D
2026-04-08,70,70,400.0,4233.2,DH8D
2026-04-09,39,39,850.0,4406.4,C172
2026-04-10,36,36,1150.0,4808.3,DH8D
2026-04-11,67,67,1200.0,6973.9,DH8D
2026-04-12,58,58,1625.0,6146.6,DH8D
2026-04-13,34,34,900.0,8177.9,DH8D
2026-04-14,51,51,1000.0,7229.4,DH8D
2026-04-15,26,26,1500.0,5380.8,B77W
2026-04-17,27,27,1000.0,5895.4,DH8D
2026-04-18,47,47,900.0,4455.9,DH8D
2026-04-19,40,40,1475.0,4511.2,DH8D
2026-04-20,28,28,2075.0,4789.3,DH8D
2026-04-21,25,25,4100.0,6364.0,DH8D
2026-04-22,42,42,1100.0,6420.2,DH8D
2026-04-23,46,46,1250.0,6098.9,DH8D
2026-04-24,32,32,1850.0,5766.4,DH8D
2026-04-25,74,74,1450.0,5677.0,DH8D
2026-04-26,45,45,1600.0,4511.1,C172
2026-04-27,44,44,2075.0,7570.5,B38M
2026-04-28,54,54,800.0,7140.7,B38M
2026-04-29,48,48,1550.0,4157.3,DH8D
2026-04-30,16,16,2100.0,4453.1,DH8D
2026-05-01,56,56,1400.0,4460.7,DH8D
2026-05-02,32,32,1600.0,4200.0,DH8D
2026-05-03,60,60,1475.0,4452.1,DH8D
2026-05-04,37,37,1300.0,4654.7,DH8D
2026-05-07,26,26,900.0,4361.5,DH8D
2026-05-08,100,100,1400.0,7216.0,B38M
2026-05-09,52,52,1250.0,7521.2,DH8D
2026-05-10,42,42,800.0,5383.3,C172
2026-05-11,59,59,1700.0,5121.2,DH8D
2026-05-13,44,44,1025.0,7024.4,B38M
2026-05-14,20,20,1300.0,4561.2,DH8D
2026-05-15,35,35,3450.0,7215.0,DH8D
2026-05-16,44,44,1025.0,6323.3,B789
2026-05-17,25,25,850.0,4556.0,B789
2026-05-18,63,63,925.0,6349.6,DH8D
2026-05-19,48,48,1300.0,5527.6,DH8D
2026-05-20,53,53,600.0,5378.8,DH8D
2026-05-21,41,41,700.0,4093.3,DH8D
2026-05-22,59,59,700.0,5243.6,DH8D
2026-05-23,28,28,875.0,7159.8,DH8D
2026-05-24,94,94,1125.0,7186.7,B38M
2026-05-25,41,41,2175.0,8086.0,B38M
2026-05-26,33,33,1475.0,6553.0,DH8D
2026-05-27,23,23,1350.0,3912.0,DH8D
2026-05-28,36,36,1100.0,5043.8,DH8D
2026-05-29,43,43,1375.0,6205.2,DH8D
2026-05-30,40,40,1200.0,5355.0,DH8D
2026-05-31,61,61,1475.0,4934.8,DH8D
2026-06-01,53,53,875.0,4327.8,DH8D
2026-06-02,26,26,-100.0,3467.3,DH8D
2026-06-03,91,91,525.0,6097.5,DH8D
2026-06-04,53,53,1125.0,6434.0,DH8D
2026-06-06,42,42,1450.0,6136.9,DH8D
2026-06-07,34,34,2175.0,7871.3,DH8D
2026-06-08,76,76,500.0,8068.1,DH8D
2026-06-09,45,45,850.0,5177.8,DH8D
2026-06-10,27,27,675.0,5697.2,DH8D
2026-06-12,22,22,1100.0,4287.5,B789
2026-06-13,46,46,1100.0,3906.5,C172
2026-06-14,57,57,1025.0,3636.8,C172
2026-06-15,59,59,750.0,6338.1,DH8D
2026-06-16,54,54,1800.0,6234.3,DH8D
2026-06-18,41,41,600.0,3986.6,B789
2026-06-19,40,40,1650.0,4860.6,DH8D
2026-06-22,71,71,1350.0,4941.5,DH8D
2026-06-23,19,19,325.0,3889.5,B789
2026-06-24,67,67,1000.0,4885.8,DH8D
2026-06-25,114,114,1275.0,7464.3,B38M
2026-06-26,48,48,1075.0,8659.9,B38M
2026-06-27,53,53,700.0,7382.5,DH8D
2026-06-28,23,23,1275.0,4405.4,B789
2026-06-29,22,22,1225.0,5051.1,DH8D
2026-06-30,18,18,1200.0,3608.3,B789
2026-07-01,90,90,1200.0,6346.4,B38M
2026-07-02,70,70,500.0,7734.6,B38M
2026-07-04,52,52,1725.0,7490.4,B38M
2026-07-05,82,82,1100.0,4911.0,DH8D
2026-07-07,55,55,1500.0,6748.6,DH8D
2026-07-08,74,74,925.0,5037.8,DH8D
2026-07-09,74,74,1050.0,7282.4,B38M
2026-07-10,52,52,200.0,7811.5,B38M
2026-07-11,95,95,1100.0,7159.2,B38M
2026-07-14,29,29,600.0,4961.2,B77W
2026-07-15,87,87,900.0,5015.5,DH8D
2026-07-16,26,26,1900.0,8283.7,A359
2026-07-17,39,39,900.0,7836.5,DH8D
2026-07-18,94,94,1150.0,7119.4,DH8D
2026-07-19,47,47,1150.0,3947.3,DH8D
2026-07-20,47,47,900.0,3838.8,B789
2026-07-21,54,54,1475.0,5178.2,DH8D
2026-07-22,52,52,700.0,4777.9,DH8D
2026-07-23,57,57,1025.0,5588.2,C172
2026-07-24,116,116,1025.0,7199.4,B38M
2026-07-25,119,119,1100.0,7133.6,B738
2026-07-27,112,112,500.0,7583.5,B38M
2026-07-28,102,102,700.0,7658.3,DH8D
2026-07-29,17,17,1400.0,4760.3,B789
2026-07-30,102,102,975.0,6087.3,DH8D
2026-07-31,121,121,1000.0,6393.0,DH8D
2026-08-01,49,49,1900.0,5412.2,C172
2026-08-02,47,47,800.0,4717.0,DH8D
2026-08-03,74,74,1000.0,3875.7,C172
2026-08-04,75,75,550.0,3858.0,DH8D
2026-08-06,58,58,1575.0,5055.6,DH8D
2026-08-07,67,67,1050.0,4743.3,DH8D
2026-08-08,92,92,1000.0,5882.3,DH8D
2026-08-09,68,68,1100.0,5124.6,DH8D
2026-08-10,90,90,900.0,6816.1,B38M
2026-08-11,109,109,1100.0,6880.3,DH8D
2026-08-12,55,55,1250.0,5061.8,DH8D
2026-08-13,56,56,1075.0,4301.3,DH8D
2026-08-14,89,89,1025.0,6937.6,DH8D
2026-08-15,110,110,925.0,7359.3,B38M
2026-08-16,105,105,700.0,6365.7,B38M
2026-08-17,95,95,600.0,5448.2,DH8D
2026-08-18,115,115,725.0,5992.0,DH8D
2026-08-19,99,99,725.0,5072.2,DH8D
2026-08-20,92,92,1450.0,4274.2,DH8D
2026-08-21,59,59,500.0,4503.0,DH8D
2026-08-22,60,60,1600.0,8046.7,B38M
2026-08-23,97,97,475.0,7584.3,B38M
2026-08-24,80,80,1075.0,5869.7,DH8D
2026-08-25,74,74,1000.0,4786.8,DH8D
2026-08-26,128,128,900.0,7182.4,DH8D
2026-08-27,111,111,875.0,7420.5,B738
2026-08-28,100,100,950.0,7802.0,B38M
2026-08-29,67,67,900.0,5351.1,B789
2026-08-30,98,98,825.0,7000.3,B38M
2026-08-31,88,88,1025.0,6061.1,DH8D
